,function,1st result,2nd result,3rd result,1st link,2nd link,3rd link
0,arrange,How do I arrange a variable list of plots using grid.arrange?,dplyr arrange not arranging by groups,Arranging rows in custom order using dplyr,https://stackoverflow.com/questions/10706753/how-do-i-arrange-a-variable-list-of-plots-using-grid-arrange?r=SearchResultsanswertab=votes#tab-top,https://stackoverflow.com/questions/38749417/dplyr-arrange-not-arranging-by-groups?r=SearchResultsanswertab=votes#tab-top,https://stackoverflow.com/questions/46129322/arranging-rows-in-custom-order-using-dplyr?r=SearchResultsanswertab=votes#tab-top
1,count,Counting the number of elements with the values of x in a vector,Count number of occurences for each unique value,How to count TRUE values in a logical vector,https://stackoverflow.com/questions/1923273/counting-the-number-of-elements-with-the-values-of-x-in-a-vector?r=SearchResultsanswertab=votes#tab-top,https://stackoverflow.com/questions/4215154/count-number-of-occurences-for-each-unique-value?r=SearchResultsanswertab=votes#tab-top,https://stackoverflow.com/questions/2190756/how-to-count-true-values-in-a-logical-vector?r=SearchResultsanswertab=votes#tab-top
2,tally,dplyr::tally with factors and characters,Why doesn't dplyr::tally read variables in a function?,tally() and n() in same chain,https://stackoverflow.com/questions/68686050/dplyrtally-with-factors-and-characters?r=SearchResultsanswertab=votes#tab-top,https://stackoverflow.com/questions/33586865/why-doesnt-dplyrtally-read-variables-in-a-function?r=SearchResultsanswertab=votes#tab-top,https://stackoverflow.com/questions/33426790/tally-and-n-in-same-chain?r=SearchResultsanswertab=votes#tab-top
3,add_count,Define groups in dataframe using all variables [duplicate],Finding duplicates in a dataframe and returning count of each duplicate record,Find and keep duplicated items in each column in R,https://stackoverflow.com/questions/53643741/define-groups-in-dataframe-using-all-variables?r=SearchResultsanswertab=votes#tab-top,https://stackoverflow.com/questions/53773456/finding-duplicates-in-a-dataframe-and-returning-count-of-each-duplicate-record?r=SearchResultsanswertab=votes#tab-top,https://stackoverflow.com/questions/67832932/find-and-keep-duplicated-items-in-each-column-in-r?r=SearchResultsanswertab=votes#tab-top
4,add_tally,Select top rows in R using add_tally and top_n functions,Counts of factor levels for multiple variables grouped by row,Keep only unique column values and sum the values from corresponding rows,https://stackoverflow.com/questions/57224991/select-top-rows-in-r-using-add-tally-and-top-n-functions?r=SearchResultsanswertab=votes#tab-top,https://stackoverflow.com/questions/74237904/counts-of-factor-levels-for-multiple-variables-grouped-by-row?r=SearchResultsanswertab=votes#tab-top,https://stackoverflow.com/questions/74246932/keep-only-unique-column-values-and-sum-the-values-from-corresponding-rows?r=SearchResultsanswertab=votes#tab-top
5,distinct,List distinct values in a vector in R,Counting unique / distinct values by group in a data frame,Get dplyr count of distinct in a readable way,https://stackoverflow.com/questions/7755240/list-distinct-values-in-a-vector-in-r?r=SearchResultsanswertab=votes#tab-top,https://stackoverflow.com/questions/12840294/counting-unique-distinct-values-by-group-in-a-data-frame?r=SearchResultsanswertab=votes#tab-top,https://stackoverflow.com/questions/26720349/get-dplyr-count-of-distinct-in-a-readable-way?r=SearchResultsanswertab=votes#tab-top
6,filter,Filter rows which contain a certain string,Remove rows with all or some NAs (missing values) in data.frame,Filter data.frame rows by a logical condition,https://stackoverflow.com/questions/22850026/filter-rows-which-contain-a-certain-string?r=SearchResultsanswertab=votes#tab-top,https://stackoverflow.com/questions/4862178/remove-rows-with-all-or-some-nas-missing-values-in-data-frame?r=SearchResultsanswertab=votes#tab-top,https://stackoverflow.com/questions/1686569/filter-data-frame-rows-by-a-logical-condition?r=SearchResultsanswertab=votes#tab-top
7,glimp,"""filename.rdata"" file Exploring and Converting to CSV",What is the shortest and cleanest way to recode multiple variables in a dataframe using R?,Changing factor levels with dplyr mutate,https://stackoverflow.com/questions/51582204/filename-rdata-file-exploring-and-converting-to-csv?r=SearchResultsanswertab=votes#tab-top,https://stackoverflow.com/questions/58306794/what-is-the-shortest-and-cleanest-way-to-recode-multiple-variables-in-a-datafram?r=SearchResultsanswertab=votes#tab-top,https://stackexchange.com/questions?tab=hotanswertab=votes#tab-top
8,mutate,Use dynamic name for new column/variable in `dplyr`,Can dplyr package be used for conditional mutating?,Transmute works but mutate does not,https://stackoverflow.com/questions/28190435/changing-factor-levels-with-dplyr-mutate?r=SearchResultsanswertab=votes#tab-top,https://stackoverflow.com/questions/26003574/use-dynamic-name-for-new-column-variable-in-dplyr?r=SearchResultsanswertab=votes#tab-top,https://stackoverflow.com/questions/24459752/can-dplyr-package-be-used-for-conditional-mutating?r=SearchResultsanswertab=votes#tab-top
9,transmute,Transmute over multiple columns in dplyr,"DPLYR Mutate function to ""transmute""?",pull out p-values and r-squared from a linear regression,https://stackoverflow.com/questions/66402031/transmute-works-but-mutate-does-not?r=SearchResultsanswertab=votes#tab-top,https://stackoverflow.com/questions/32738641/transmute-over-multiple-columns-in-dplyr?r=SearchResultsanswertab=votes#tab-top,https://stackoverflow.com/questions/46739759/dplyr-mutate-function-to-transmute?r=SearchResultsanswertab=votes#tab-top
10,pull,"Pulling more than one column in R command ""pull"" [duplicate]",ddply : push or pull?,Relocate rows with tidyverse,https://stackoverflow.com/questions/5587676/pull-out-p-values-and-r-squared-from-a-linear-regression?r=SearchResultsanswertab=votes#tab-top,https://stackoverflow.com/questions/63832671/pulling-more-than-one-column-in-r-command-pull?r=SearchResultsanswertab=votes#tab-top,https://stackoverflow.com/questions/4191296/ddply-push-or-pull?r=SearchResultsanswertab=votes#tab-top
11,relocate,How to relocate several columns in one step using dplyr::relocate?,Relocate and duplicate a string in R,How to rename a single column in a data.frame?,https://stackoverflow.com/questions/68760442/relocate-rows-with-tidyverse?r=SearchResultsanswertab=votes#tab-top,https://stackoverflow.com/questions/63713245/how-to-relocate-several-columns-in-one-step-using-dplyrrelocate?r=SearchResultsanswertab=votes#tab-top,https://stackoverflow.com/questions/42041291/relocate-and-duplicate-a-string-in-r?r=SearchResultsanswertab=votes#tab-top
12,rename,"Replacement for ""rename"" in dplyr",Rename multiple columns by names,R rename multiple columns with wildcard with rename_with(),https://stackoverflow.com/questions/7531868/how-to-rename-a-single-column-in-a-data-frame?r=SearchResultsanswertab=votes#tab-top,https://stackoverflow.com/questions/21502465/replacement-for-rename-in-dplyr?r=SearchResultsanswertab=votes#tab-top,https://stackoverflow.com/questions/20987295/rename-multiple-columns-by-names?r=SearchResultsanswertab=votes#tab-top
13,rename_with,How to use rename_with() in pipe to change all column names from vector,Purrr map with rename_with,"How to join (merge) data frames (inner, outer, left, right)",https://stackoverflow.com/questions/66232995/r-rename-multiple-columns-with-wildcard-with-rename-with?r=SearchResultsanswertab=votes#tab-top,https://stackoverflow.com/questions/69868290/how-to-use-rename-with-in-pipe-to-change-all-column-names-from-vector?r=SearchResultsanswertab=votes#tab-top,https://stackoverflow.com/questions/63729749/purrr-map-with-rename-with?r=SearchResultsanswertab=votes#tab-top
14,select,How to select a CRAN mirror in R,Select first and last row from grouped data,How to interpret dplyr message `summarise()` regrouping output by 'x' (override with `.groups` argument)?,https://stackoverflow.com/questions/1299871/how-to-join-merge-data-frames-inner-outer-left-right?r=SearchResultsanswertab=votes#tab-top,https://stackoverflow.com/questions/11488174/how-to-select-a-cran-mirror-in-r?r=SearchResultsanswertab=votes#tab-top,https://stackoverflow.com/questions/31528981/select-first-and-last-row-from-grouped-data?r=SearchResultsanswertab=votes#tab-top
15,summarise,Can dplyr summarise over several variables without listing each one? [duplicate],Applying group_by and summarise on data while keeping all the columns' info,"Aggregate / summarize multiple variables per group (e.g. sum, mean)",https://stackoverflow.com/questions/62140483/how-to-interpret-dplyr-message-summarise-regrouping-output-by-x-override?r=SearchResultsanswertab=votes#tab-top,https://stackoverflow.com/questions/21295936/can-dplyr-summarise-over-several-variables-without-listing-each-one?r=SearchResultsanswertab=votes#tab-top,https://stackoverflow.com/questions/30024437/applying-group-by-and-summarise-on-data-while-keeping-all-the-columns-info?r=SearchResultsanswertab=votes#tab-top
16,summarize,Group By and Summarize,Summarize and NAs,Slice data.frame and join back old data.frame without slice,https://stackoverflow.com/questions/9723208/aggregate-summarize-multiple-variables-per-group-e-g-sum-mean?r=SearchResultsanswertab=votes#tab-top,https://stackoverflow.com/questions/58662609/group-by-and-summarize?r=SearchResultsanswertab=votes#tab-top,https://stackoverflow.com/questions/61282273/summarize-and-nas?r=SearchResultsanswertab=votes#tab-top
17,slice,Applying slice() to a tbl,Slice by condition List R,How to use fct_lump() to get the top n levels by group and put the rest in 'other'?,https://stackoverflow.com/questions/44957043/slice-data-frame-and-join-back-old-data-frame-without-slice?r=SearchResultsanswertab=votes#tab-top,https://stackoverflow.com/questions/46777436/applying-slice-to-a-tbl?r=SearchResultsanswertab=votes#tab-top,https://stackoverflow.com/questions/69983247/slice-by-condition-list-r?r=SearchResultsanswertab=votes#tab-top
18,slice_head,Average of Values of Different Percentage Lengths,How do I both randomly select rows from a data frame and delete each row as it has been selected? [duplicate],How to loop through columns using slice_min,https://stackoverflow.com/questions/63358085/how-to-use-fct-lump-to-get-the-top-n-levels-by-group-and-put-the-rest-in-othe?r=SearchResultsanswertab=votes#tab-top,https://stackoverflow.com/questions/72907622/average-of-values-of-different-percentage-lengths?r=SearchResultsanswertab=votes#tab-top,https://stackoverflow.com/questions/65135195/how-do-i-both-randomly-select-rows-from-a-data-frame-and-delete-each-row-as-it-h?r=SearchResultsanswertab=votes#tab-top
19,slice_tail,How does dplyr::slice_min / dplyr::slice_max handle NA values with grouped data?,Slice_min and Slice_max Tie Clarification,Slice_max in the tidyverse,https://stackexchange.com/questions?tab=hotanswertab=votes#tab-top,https://stackoverflow.com/questions/63397842/how-to-loop-through-columns-using-slice-min?r=SearchResultsanswertab=votes#tab-top,https://stackoverflow.com/questions/72189449/how-does-dplyrslice-min-dplyrslice-max-handle-na-values-with-grouped-data?r=SearchResultsanswertab=votes#tab-top
20,slice_min,How does dplyr::slice_min / dplyr::slice_max handle NA values with grouped data?,dplyr `slice_max` interpolation not working,slice_sample number of rows,https://stackoverflow.com/questions/69500318/slice-min-and-slice-max-tie-clarification?r=SearchResultsanswertab=votes#tab-top,https://stackoverflow.com/questions/61428596/slice-max-in-the-tidyverse?r=SearchResultsanswertab=votes#tab-top,https://stackoverflow.com/questions/72189449/how-does-dplyrslice-min-dplyrslice-max-handle-na-values-with-grouped-data?r=SearchResultsanswertab=votes#tab-top
21,slice_max,What is the correct way to use dplyr's slice_sample() within my apply function?,using n() in case_when in dplyr,R: dplyr::bind_rows() operating on lists?,https://stackoverflow.com/questions/69393704/dplyr-slice-max-interpolation-not-working?r=SearchResultsanswertab=votes#tab-top,https://stackoverflow.com/questions/71829607/slice-sample-number-of-rows?r=SearchResultsanswertab=votes#tab-top,https://stackoverflow.com/questions/68614413/what-is-the-correct-way-to-use-dplyrs-slice-sample-within-my-apply-function?r=SearchResultsanswertab=votes#tab-top
22,slice_sample,bind_rows in dplyr throwing unusual error,Julia equivalent of dplyr's bind_cols and bind_rows,Julia equivalent of dplyr's bind_cols and bind_rows,https://stackoverflow.com/questions/72702073/using-n-in-case-when-in-dplyr?r=SearchResultsanswertab=votes#tab-top,https://stackoverflow.com/questions/44764663/r-dplyrbind-rows-operating-on-lists?r=SearchResultsanswertab=votes#tab-top,https://stackoverflow.com/questions/30203299/bind-rows-in-dplyr-throwing-unusual-error?r=SearchResultsanswertab=votes#tab-top
23,bind_rows,Is there a method to preserve rownames when using bind_cols?,Cannot iterate dplyr::bind_cols from an empty tibble,editing a dataframe in R invoking vi,https://stackoverflow.com/questions/30562368/julia-equivalent-of-dplyrs-bind-cols-and-bind-rows?r=SearchResultsanswertab=votes#tab-top,https://stackoverflow.com/questions/30562368/julia-equivalent-of-dplyrs-bind-cols-and-bind-rows?r=SearchResultsanswertab=votes#tab-top,https://stackoverflow.com/questions/73232329/is-there-a-method-to-preserve-rownames-when-using-bind-cols?r=SearchResultsanswertab=votes#tab-top
24,bind_cols,vi input mode in R?,Vi keybindings for R command line like in Bash,Rename all variables that contai a particular string and add a sequencial number,https://stackoverflow.com/questions/62464349/cannot-iterate-dplyrbind-cols-from-an-empty-tibble?r=SearchResultsanswertab=votes#tab-top,https://stackexchange.com/questions?tab=hotanswertab=votes#tab-top,https://stackexchange.com/questions?tab=hotanswertab=votes#tab-top
25,reexpor,List vector with all the occurences from another dataframe [duplicate],mysterious white space in markdown pdf (kableExtra),Selecting data frame rows based on partial string match in a column,https://stackexchange.com/questions?tab=hotanswertab=votes#tab-top,https://stackexchange.com/questions?tab=hotanswertab=votes#tab-top,https://stackexchange.com/questions?tab=hotanswertab=votes#tab-top
26,data_fra,Extract a regular expression match,Combine two data frames by rows (rbind) when they have different sets of columns,"Replace multiple spaces in string, but leave singles spaces be",https://stackexchange.com/questions?tab=hotanswertab=votes#tab-top,https://stackexchange.com/questions?tab=hotanswertab=votes#tab-top,https://stackexchange.com/questions?tab=hotanswertab=votes#tab-top
27,data_fram,"How to concatenate the string of a header (or cell), to the value of another cell?",Convert into EURO from multiple currencies in R,isolate elements in _any but not all_ vectors with R,https://stackexchange.com/questions?tab=hotanswertab=votes#tab-top,https://stackexchange.com/questions?tab=hotanswertab=votes#tab-top,https://stackexchange.com/questions?tab=hotanswertab=votes#tab-top
28,as_data_fra,One hot encode a data frame with multiple factors in each row,How to update shiny data frame in real time using checkboxes?,How to understand RandomForestExplainer output (R package),https://stackexchange.com/questions?tab=hotanswertab=votes#tab-top,https://stackoverflow.com/questions/17885824/editing-a-dataframe-in-r-invoking-vi?r=SearchResultsanswertab=votes#tab-top,https://stackoverflow.com/questions/4606463/vi-input-mode-in-r?r=SearchResultsanswertab=votes#tab-top
29,l,"Imputation of uni-variate, seasonal time series using linear model",To calculate all the uni variate statistics on a data set,Calculate the mean of mean ratings in R uni homework,https://stackoverflow.com/questions/6235034/vi-keybindings-for-r-command-line-like-in-bash?r=SearchResultsanswertab=votes#tab-top,https://stackexchange.com/questions?tab=hotanswertab=votes#tab-top,https://stackoverflow.com/questions/57609974/rename-all-variables-that-contai-a-particular-string-and-add-a-sequencial-number?r=SearchResultsanswertab=votes#tab-top
30,ls,Recursive anti_join over list of dataframes,R anti_join keep only rows from one dataframe,"No applicable method for 'anti_join' applied to an object of class ""factor""",https://stackoverflow.com/questions/50850176/list-vector-with-all-the-occurences-from-another-dataframe?r=SearchResultsanswertab=votes#tab-top,https://stackoverflow.com/questions/51247206/mysterious-white-space-in-markdown-pdf-kableextra?r=SearchResultsanswertab=votes#tab-top,https://stackexchange.com/questions?tab=hotanswertab=votes#tab-top
31,add_r,dplyr::group_by() or just > group_by(),Group_by inside a function,Applying group_by and summarise on data while keeping all the columns' info,https://stackexchange.com/questions?tab=hotanswertab=votes#tab-top,https://stackexchange.com/questions?tab=hotanswertab=votes#tab-top,https://stackoverflow.com/questions/13043928/selecting-data-frame-rows-based-on-partial-string-match-in-a-column?r=SearchResultsanswertab=votes#tab-top
32,type_s,Ungroup SparkR data frame,r - Dplyr 'ungroup' function in pandas,How does one stop using rowwise in dplyr?,https://stackoverflow.com/questions/2192316/extract-a-regular-expression-match?r=SearchResultsanswertab=votes#tab-top,https://stackoverflow.com/questions/3402371/combine-two-data-frames-by-rows-rbind-when-they-have-different-sets-of-columns?r=SearchResultsanswertab=votes#tab-top,https://stackexchange.com/questions?tab=hotanswertab=votes#tab-top
33,frame_da,How to create column names form character vector when using data.table,dplyr: grouping and conditionally filtering,Why does median and coalesce not work with uneven number of rows?,https://stackoverflow.com/questions/69808958/replace-multiple-spaces-in-string-but-leave-singles-spaces-be?r=SearchResultsanswertab=votes#tab-top,https://stackoverflow.com/questions/65952811/how-to-concatenate-the-string-of-a-header-or-cell-to-the-value-of-another-cel?r=SearchResultsanswertab=votes#tab-top,https://stackoverflow.com/questions/65347174/convert-into-euro-from-multiple-currencies-in-r?r=SearchResultsanswertab=votes#tab-top
34,tribb,Rowwise summation,rowwise filtering in dplyr,Rowwise and dplyr,https://stackexchange.com/questions?tab=hotanswertab=votes#tab-top,https://stackexchange.com/questions?tab=hotanswertab=votes#tab-top,https://stackexchange.com/questions?tab=hotanswertab=votes#tab-top
35,tibb,Remove rows with all or some NAs (missing values) in data.frame,Sum across multiple columns with dplyr,Can you use dplyr across() to iterate across pairs of columns?,https://stackoverflow.com/questions/30478041/isolate-elements-in-any-but-not-all-vectors-with-r?r=SearchResultsanswertab=votes#tab-top,https://stackoverflow.com/questions/47488117/one-hot-encode-a-data-frame-with-multiple-factors-in-each-row?r=SearchResultsanswertab=votes#tab-top,https://stackoverflow.com/questions/53720806/how-to-update-shiny-data-frame-in-real-time-using-checkboxes?r=SearchResultsanswertab=votes#tab-top
36,as_tibb,dplyr if_any and numeric filtering?,mutate and if_any with condition over multiple columns,Filter if_any everything behavior,https://stackoverflow.com/questions/49912530/how-to-understand-randomforestexplainer-output-r-package?r=SearchResultsanswertab=votes#tab-top,https://stackexchange.com/questions?tab=hotanswertab=votes#tab-top,https://stackoverflow.com/questions/36558098/imputation-of-uni-variate-seasonal-time-series-using-linear-model?r=SearchResultsanswertab=votes#tab-top
37,vi,How to use dplyr's if_all() within case_when with numeric data in R?,Multiple if_all() in dplyr::filter not working,if_all and if_any functions in dplyr are not running,https://stackoverflow.com/questions/51742579/to-calculate-all-the-uni-variate-statistics-on-a-data-set?r=SearchResultsanswertab=votes#tab-top,https://stackoverflow.com/questions/70897196/calculate-the-mean-of-mean-ratings-in-r-uni-homework?r=SearchResultsanswertab=votes#tab-top,https://stackexchange.com/questions?tab=hotanswertab=votes#tab-top
38,tbl_s,c_across multiple functions per rows with dplyr,Compute row-wise counts using across or c_across,Understanding rowwise() and c_across(),https://stackexchange.com/questions?tab=hotanswertab=votes#tab-top,https://stackexchange.com/questions?tab=hotanswertab=votes#tab-top,https://stackexchange.com/questions?tab=hotanswertab=votes#tab-top
39,contai,"What are the differences between ""="" and ""<-"" assignment operators?",What is the difference between require() and library()?,The difference between bracket [ ] and double bracket [[ ]] for accessing the elements of a list or dataframe,https://stackexchange.com/questions?tab=hotanswertab=votes#tab-top,https://stackexchange.com/questions?tab=hotanswertab=votes#tab-top,https://stackexchange.com/questions?tab=hotanswertab=votes#tab-top
40,select_helpe,Tidyeval evaluate case_when,case_when() erratic behaviour,Case_when dplyr,https://stackexchange.com/questions?tab=hotanswertab=votes#tab-top,https://stackexchange.com/questions?tab=hotanswertab=votes#tab-top,https://stackexchange.com/questions?tab=hotanswertab=votes#tab-top
41,ends_wi,How to implement coalesce efficiently in R,Iteratively dplyr::coalesce(),get results of coalesce in R,https://stackoverflow.com/questions/62250232/recursive-anti-join-over-list-of-dataframes?r=SearchResultsanswertab=votes#tab-top,https://stackoverflow.com/questions/68957989/r-anti-join-keep-only-rows-from-one-dataframe?r=SearchResultsanswertab=votes#tab-top,https://stackoverflow.com/questions/30638575/no-applicable-method-for-anti-join-applied-to-an-object-of-class-factor?r=SearchResultsanswertab=votes#tab-top
42,everythi,Cumany function applied on NA values,R - cummean combined with weighted.mean,How to use cummean based on a condition in dplyr,https://stackoverflow.com/questions/72080570/dplyrgroup-by-or-just-group-by?r=SearchResultsanswertab=votes#tab-top,https://stackoverflow.com/questions/63838280/group-by-inside-a-function?r=SearchResultsanswertab=votes#tab-top,https://stackoverflow.com/questions/30024437/applying-group-by-and-summarise-on-data-while-keeping-all-the-columns-info?r=SearchResultsanswertab=votes#tab-top
43,match,How to get the cummean of the last n rows before the last row using dplyr,nested functions: Arrange() and desc(),What is the opposite to desc() in R?,https://stackoverflow.com/questions/53602420/ungroup-sparkr-data-frame?r=SearchResultsanswertab=votes#tab-top,https://stackoverflow.com/questions/49514655/r-dplyr-ungroup-function-in-pandas?r=SearchResultsanswertab=votes#tab-top,https://stackoverflow.com/questions/70974051/whats-the-function-of-ungroup-under-below-r-code?r=SearchResultsanswertab=votes#tab-top
44,num_ran,"Error in order(desc(var3), .by_group = TRUE) : argument lengths differ",dplyr::rename_all & dplyr::if_else,R: combined/ nested if_else statement,https://stackoverflow.com/questions/59786678/how-to-create-column-names-form-character-vector-when-using-data-table?r=SearchResultsanswertab=votes#tab-top,https://stackoverflow.com/questions/68919317/dplyr-grouping-and-conditionally-filtering?r=SearchResultsanswertab=votes#tab-top,https://stackoverflow.com/questions/60566571/why-does-median-and-coalesce-not-work-with-uneven-number-of-rows?r=SearchResultsanswertab=votes#tab-top
45,one_,if_else and str_c (tidyverse),dplyr: lead() and lag() wrong when used with group_by(),How to create lag variables,https://stackoverflow.com/questions/60883385/rowwise-summation?r=SearchResultsanswertab=votes#tab-top,https://stackoverflow.com/questions/41921978/rowwise-filtering-in-dplyr?r=SearchResultsanswertab=votes#tab-top,https://stackoverflow.com/questions/74257310/rowwise-and-dplyr?r=SearchResultsanswertab=votes#tab-top
46,starts_wi,how to apply lag and lag rolling mean multiple columns,dplyr: lead() and lag() wrong when used with group_by(),dplyr: lead() and lag() wrong when used with group_by(),https://stackoverflow.com/questions/4862178/remove-rows-with-all-or-some-nas-missing-values-in-data-frame?r=SearchResultsanswertab=votes#tab-top,https://stackoverflow.com/questions/28873057/sum-across-multiple-columns-with-dplyr?r=SearchResultsanswertab=votes#tab-top,https://stackoverflow.com/questions/65543579/can-you-use-dplyr-across-to-iterate-across-pairs-of-columns?r=SearchResultsanswertab=votes#tab-top
47,last_c,Create lead and lag variables in R,Functionality of the order_by argument in dplyr::slice_max(),How to use order_by with first()?,https://stackoverflow.com/questions/69585261/dplyr-if-any-and-numeric-filtering?r=SearchResultsanswertab=votes#tab-top,https://stackoverflow.com/questions/74219274/mutate-and-if-any-with-condition-over-multiple-columns?r=SearchResultsanswertab=votes#tab-top,https://stackoverflow.com/questions/67299931/filter-if-any-everything-behavior?r=SearchResultsanswertab=votes#tab-top
48,any_,dplyr window functions with order_by and with_order,Extracting the last n characters from a string in R,knitr/Rmd: page break after n lines/n distance,https://stackoverflow.com/questions/74119379/how-to-use-dplyrs-if-all-within-case-when-with-numeric-data-in-r?r=SearchResultsanswertab=votes#tab-top,https://stackoverflow.com/questions/72950824/multiple-if-all-in-dplyrfilter-not-working?r=SearchResultsanswertab=votes#tab-top,https://stackoverflow.com/questions/66716985/if-all-and-if-any-functions-in-dplyr-are-not-running?r=SearchResultsanswertab=votes#tab-top
49,all_,Repeat rows of a data.frame N times,difference between .data and cur_data(),Why does cur_data() within summarize() return df_slice() error?,https://stackoverflow.com/questions/67332758/c-across-multiple-functions-per-rows-with-dplyr?r=SearchResultsanswertab=votes#tab-top,https://stackoverflow.com/questions/66269962/compute-row-wise-counts-using-across-or-c-across?r=SearchResultsanswertab=votes#tab-top,https://stackoverflow.com/questions/64282839/understanding-rowwise-and-c-across?r=SearchResultsanswertab=votes#tab-top
50,interse,Appropriate times to use cur_data() vs across() in dplyr 1.0,"python equivalent of group_by, mutate using cur_group() (i.e. value of grouping variable)","How do I ""restart"" cur_group_id() in R [duplicate]",https://stackoverflow.com/questions/1741820/what-are-the-differences-between-and-assignment-operators?r=SearchResultsanswertab=votes#tab-top,https://stackoverflow.com/questions/5595512/what-is-the-difference-between-require-and-library?r=SearchResultsanswertab=votes#tab-top,https://stackoverflow.com/questions/1169456/the-difference-between-bracket-and-double-bracket-for-accessing-the-el?r=SearchResultsanswertab=votes#tab-top
51,uni,grouping is not recognized by dplyr::mutate( cur_group_id),cur_group_id by size rather than alphabetical order,R regular expression (near words),https://stackoverflow.com/questions/61601797/tidyeval-evaluate-case-when?r=SearchResultsanswertab=votes#tab-top,https://stackoverflow.com/questions/59814096/case-when-erratic-behaviour?r=SearchResultsanswertab=votes#tab-top,https://stackoverflow.com/questions/62072522/case-when-dplyr?r=SearchResultsanswertab=votes#tab-top
52,setdi,Near Zero Variance variables,compare.dedup function can't find near duplicates,Extract every nth element of a vector,https://stackoverflow.com/questions/19253820/how-to-implement-coalesce-efficiently-in-r?r=SearchResultsanswertab=votes#tab-top,https://stackoverflow.com/questions/72483852/iteratively-dplyrcoalesce?r=SearchResultsanswertab=votes#tab-top,https://stackoverflow.com/questions/72635886/get-results-of-coalesce-in-r?r=SearchResultsanswertab=votes#tab-top
53,setequ,How do I access the nth record of the nth column of the nth dataframe in a list?,Replace nth line in a text file,How to sum a variable by group,https://stackexchange.com/questions?tab=hotanswertab=votes#tab-top,https://stackoverflow.com/questions/48266921/cumany-function-applied-on-na-values?r=SearchResultsanswertab=votes#tab-top,https://stackexchange.com/questions?tab=hotanswertab=votes#tab-top
54,%,Convert row names into first column,How can we make xkcd style graphs?,Recode empty string with dplyr::recode,https://stackoverflow.com/questions/40862269/r-cummean-combined-with-weighted-mean?r=SearchResultsanswertab=votes#tab-top,https://stackoverflow.com/questions/53084925/how-to-use-cummean-based-on-a-condition-in-dplyr?r=SearchResultsanswertab=votes#tab-top,https://stackoverflow.com/questions/72587840/how-to-get-the-cummean-of-the-last-n-rows-before-the-last-row-using-dplyr?r=SearchResultsanswertab=votes#tab-top
55,union_all,Recode a variable using data.table,Recode variables,recode_factor cannot replace missing values,https://stackoverflow.com/questions/68311426/nested-functions-arrange-and-desc?r=SearchResultsanswertab=votes#tab-top,https://stackoverflow.com/questions/72819880/what-is-the-opposite-to-desc-in-r?r=SearchResultsanswertab=votes#tab-top,https://stackoverflow.com/questions/71056856/error-in-orderdescvar3-by-group-true-argument-lengths-differ?r=SearchResultsanswertab=votes#tab-top
56,inner_join,Failure to recode levels of a factor with dplyr mutate() and recode_factor,Why does recode_factor not allow to drop levels?,R interpolate lookup a column from a rating table,https://stackoverflow.com/questions/68875447/dplyrrename-all-dplyrif-else?r=SearchResultsanswertab=votes#tab-top,https://stackoverflow.com/questions/60537586/r-combined-nested-if-else-statement?r=SearchResultsanswertab=votes#tab-top,https://stackoverflow.com/questions/64727839/if-else-and-str-c-tidyverse?r=SearchResultsanswertab=votes#tab-top
57,left_join,Process list of strings from R to C,Iterating Effect Size Calculations Through Columns,R - How to use a function varaible to refernce an object for a left join in R,https://stackoverflow.com/questions/28235074/dplyr-lead-and-lag-wrong-when-used-with-group-by?r=SearchResultsanswertab=votes#tab-top,https://stackoverflow.com/questions/31905001/how-to-create-lag-variables?r=SearchResultsanswertab=votes#tab-top,https://stackoverflow.com/questions/58469333/how-to-apply-lag-and-lag-rolling-mean-multiple-columns?r=SearchResultsanswertab=votes#tab-top
58,right_join,grouped Violin plot with two chosen colors,Compute new variables and use those variables to compute other variables,Compute decision boundaries,https://stackoverflow.com/questions/28235074/dplyr-lead-and-lag-wrong-when-used-with-group-by?r=SearchResultsanswertab=votes#tab-top,https://stackoverflow.com/questions/52083029/dplyr-lead-lag-with-group-by?r=SearchResultsanswertab=votes#tab-top,https://stackoverflow.com/questions/18486649/create-lead-and-lag-variables-in-r?r=SearchResultsanswertab=votes#tab-top
59,full_join,compute with R commands?,R - tbl/collect is slow sometimes,Collect text from google slides,https://stackoverflow.com/questions/65418598/functionality-of-the-order-by-argument-in-dplyrslice-max?r=SearchResultsanswertab=votes#tab-top,https://stackoverflow.com/questions/39112813/how-to-use-order-by-with-first?r=SearchResultsanswertab=votes#tab-top,https://stackoverflow.com/questions/28537437/dplyr-window-functions-with-order-by-and-with-order?r=SearchResultsanswertab=votes#tab-top
60,nest_join,To collect DataFrames in sparkR,Collapse text by group in data frame [duplicate],Collapse / concatenate / aggregate a column to a single comma separated string within each group,https://stackoverflow.com/questions/7963898/extracting-the-last-n-characters-from-a-string-in-r?r=SearchResultsanswertab=votes#tab-top,https://stackoverflow.com/questions/16173995/knitr-rmd-page-break-after-n-lines-n-distance?r=SearchResultsanswertab=votes#tab-top,https://stackoverflow.com/questions/8753531/repeat-rows-of-a-data-frame-n-times?r=SearchResultsanswertab=votes#tab-top
61,semi_join,Collapse absolutePanel in shiny?,dplyr copy_to large data,Sparklyr copy_to fails,https://stackoverflow.com/questions/70465515/difference-between-data-and-cur-data?r=SearchResultsanswertab=votes#tab-top,https://stackoverflow.com/questions/71135557/why-does-cur-data-within-summarize-return-df-slice-error?r=SearchResultsanswertab=votes#tab-top,https://stackoverflow.com/questions/62529336/appropriate-times-to-use-cur-data-vs-across-in-dplyr-1-0?r=SearchResultsanswertab=votes#tab-top
62,anti_join,How does one specify a primary key when using dplyr copy_to()?,Create counter with multiple variables that restart within each subgroup,How to find clusters' markers in Seurat using FindMarkers function and ident.1 parameter in R,https://stackexchange.com/questions?tab=hotanswertab=votes#tab-top,https://stackoverflow.com/questions/72202826/python-equivalent-of-group-by-mutate-using-cur-group-i-e-value-of-grouping?r=SearchResultsanswertab=votes#tab-top,https://stackexchange.com/questions?tab=hotanswertab=votes#tab-top
63,group_by,Removing duplicated observations in r with restriction,"Grouping functions (tapply, by, aggregate) and the *apply family",Explain a lazy evaluation quirk,https://stackoverflow.com/questions/64024505/how-do-i-restart-cur-group-id-in-r?r=SearchResultsanswertab=votes#tab-top,https://stackoverflow.com/questions/64381861/grouping-is-not-recognized-by-dplyrmutate-cur-group-id?r=SearchResultsanswertab=votes#tab-top,https://stackoverflow.com/questions/65180627/cur-group-id-by-size-rather-than-alphabetical-order?r=SearchResultsanswertab=votes#tab-top
64,ungroup,Explain this R regex,"How to use show_query? Returning ""no applicable method""","How to solve error ""no applicable method for 'show_query' applied to an object of class ""data.frame""""",https://stackoverflow.com/questions/13500463/r-regular-expression-near-words?r=SearchResultsanswertab=votes#tab-top,https://stackoverflow.com/questions/49835355/near-zero-variance-variables?r=SearchResultsanswertab=votes#tab-top,https://stackoverflow.com/questions/74055976/compare-dedup-function-cant-find-near-duplicates?r=SearchResultsanswertab=votes#tab-top
65,group_cols,how to change dbplyr's show_query() quote covention for snowflake SQL,Extract a dplyr tbl column as a vector,Applying slice() to a tbl,https://stackoverflow.com/questions/5237557/extract-every-nth-element-of-a-vector?r=SearchResultsanswertab=votes#tab-top,https://stackoverflow.com/questions/28118583/how-do-i-access-the-nth-record-of-the-nth-column-of-the-nth-dataframe-in-a-list?r=SearchResultsanswertab=votes#tab-top,https://stackoverflow.com/questions/11756353/replace-nth-line-in-a-text-file?r=SearchResultsanswertab=votes#tab-top
66,rowwise,Converting a column (of a dplyr tbl-object) into tbl-header,Searching functions using grep over multiple loaded packages in R,"How to join (merge) data frames (inner, outer, left, right)",https://stackoverflow.com/questions/1660124/how-to-sum-a-variable-by-group?r=SearchResultsanswertab=votes#tab-top,https://stackoverflow.com/questions/29511215/convert-row-names-into-first-column?r=SearchResultsanswertab=votes#tab-top,https://stackoverflow.com/questions/12675147/how-can-we-make-xkcd-style-graphs?r=SearchResultsanswertab=votes#tab-top
67,across,SQL Server RODBC Connection,sql temporary tables in rstudio notebook's sql chunks?,Cannot pass additional arguments to group_map,https://stackexchange.com/questions?tab=hotanswertab=votes#tab-top,https://stackexchange.com/questions?tab=hotanswertab=votes#tab-top,https://stackexchange.com/questions?tab=hotanswertab=votes#tab-top
68,if_any,"In purr 'group_map', how to keep group information in the result",Alternatives to group_map,dplyr::group_modify to apply function,https://stackexchange.com/questions?tab=hotanswertab=votes#tab-top,https://stackexchange.com/questions?tab=hotanswertab=votes#tab-top,https://stackexchange.com/questions?tab=hotanswertab=votes#tab-top
69,if_all,Using group_modify to apply function to grouped dataframe,Dplyr group_modify and anonymous functions,calling multiple functions within group_walk(),https://stackexchange.com/questions?tab=hotanswertab=votes#tab-top,https://stackoverflow.com/questions/49006519/recode-empty-string-with-dplyrrecode?r=SearchResultsanswertab=votes#tab-top,https://stackoverflow.com/questions/44590935/recode-a-variable-using-data-table?r=SearchResultsanswertab=votes#tab-top
70,c_across,parallelise group_walk operation with multidplyr,Can I use group_map or group_walk to iteratively export results?,preserve dataframe name using dplyr group_split [duplicate],https://stackoverflow.com/questions/51459712/recode-variables?r=SearchResultsanswertab=votes#tab-top,https://stackoverflow.com/questions/59937849/recode-factor-cannot-replace-missing-values?r=SearchResultsanswertab=votes#tab-top,https://stackoverflow.com/questions/63413925/failure-to-recode-levels-of-a-factor-with-dplyr-mutate-and-recode-factor?r=SearchResultsanswertab=votes#tab-top
71,between,Using group_split on list of lists in R,output of group_split needs to be saved as separate dataframe,How to create a line plot with groups in Base R without loops?,https://stackoverflow.com/questions/60992803/why-does-recode-factor-not-allow-to-drop-levels?r=SearchResultsanswertab=votes#tab-top,https://stackexchange.com/questions?tab=hotanswertab=votes#tab-top,https://stackexchange.com/questions?tab=hotanswertab=votes#tab-top
72,case_when,Can I silence these two ggplot outputs? [duplicate],Counting Distinct Values By Two Groups and Summarise Error,ddply stops with warning Error in str2lang(x) : <text>:2:0: unexpected end of input,https://stackexchange.com/questions?tab=hotanswertab=votes#tab-top,https://stackexchange.com/questions?tab=hotanswertab=votes#tab-top,https://stackoverflow.com/questions/57210992/r-interpolate-lookup-a-column-from-a-rating-table?r=SearchResultsanswertab=votes#tab-top
73,coalesce,Moving files between folders,how to parse local HTML table using R,Subset dataframe and batch process through existing stringdist function in parallel in R,https://stackoverflow.com/questions/50231159/process-list-of-strings-from-r-to-c?r=SearchResultsanswertab=votes#tab-top,https://stackoverflow.com/questions/67138925/iterating-effect-size-calculations-through-columns?r=SearchResultsanswertab=votes#tab-top,https://stackoverflow.com/questions/72617148/r-how-to-use-a-function-varaible-to-refernce-an-object-for-a-left-join-in-r?r=SearchResultsanswertab=votes#tab-top
74,cumall,Unclear usage of any_vars and all_vars predicates when filtering rows over multiples columns using negative str_detect,Why does dplyr filter_all using all_vars > 0 work on a character string?,Filter dataframe: extract rows with only one column that meets condition,https://stackoverflow.com/questions/71299458/grouped-violin-plot-with-two-chosen-colors?r=SearchResultsanswertab=votes#tab-top,https://stackexchange.com/questions?tab=hotanswertab=votes#tab-top,https://stackoverflow.com/questions/57007368/compute-new-variables-and-use-those-variables-to-compute-other-variables?r=SearchResultsanswertab=votes#tab-top
75,cumany,Unclear usage of any_vars and all_vars predicates when filtering rows over multiples columns using negative str_detect,Translating filter_all(any_vars()) to filter(across()),Filter_all(any_vars()) Where am I going wrong?,https://stackoverflow.com/questions/67122774/compute-decision-boundaries?r=SearchResultsanswertab=votes#tab-top,https://stackoverflow.com/questions/72243792/compute-with-r-commands?r=SearchResultsanswertab=votes#tab-top,https://stackoverflow.com/questions/56867727/r-tbl-collect-is-slow-sometimes?r=SearchResultsanswertab=votes#tab-top
76,cummean,R: Ordering specific vars in dataframe,VAR function in vars package of R,Estimation residuals from VAR estimation (vars package),https://stackoverflow.com/questions/59325827/collect-text-from-google-slides?r=SearchResultsanswertab=votes#tab-top,https://stackoverflow.com/questions/31802651/to-collect-dataframes-in-sparkr?r=SearchResultsanswertab=votes#tab-top,https://stackoverflow.com/questions/22756372/collapse-text-by-group-in-data-frame?r=SearchResultsanswertab=votes#tab-top
